Applicant_Income,Coapplicant_Income,Loan_Amount,Term,Credit_History,Gender,Married,Dependents,Education,Self_Employed,Area,Status
0.07048855905998762,0.0,0.2142857142857143,0.7435897435897436,1.0,1.0,0.0,0.0,0.0,0.0,2.0,1.0
0.05482993197278911,0.03619171046631627,0.18285714285714286,0.7435897435897436,1.0,1.0,1.0,1.0,0.0,0.0,0.0,0.0
0.03525046382189239,0.0,0.09428571428571429,0.7435897435897436,1.0,1.0,1.0,0.0,0.0,1.0,2.0,1.0
0.030092764378478663,0.05659154726762186,0.17142857142857143,0.7435897435897436,1.0,1.0,1.0,0.0,1.0,0.0,2.0,1.0
0.07235621521335805,0.0,0.20142857142857143,0.7435897435897436,1.0,1.0,0.0,0.0,0.0,0.0,2.0,1.0
0.06514533085961656,0.10070319437444501,0.38142857142857145,0.7435897435897436,1.0,1.0,1.0,2.0,0.0,1.0,2.0,1.0
0.027000618429189854,0.03638370893032856,0.1357142857142857,0.7435897435897436,1.0,1.0,1.0,0.0,1.0,0.0,2.0,1.0
0.03569573283858998,0.060095519235846113,0.22571428571428573,0.7435897435897436,0.0,1.0,1.0,3.0,0.0,0.0,1.0,0.0
0.04769325912183055,0.03662370701034392,0.24000000000000002,0.7435897435897436,1.0,1.0,1.0,2.0,0.0,0.0,2.0,1.0
0.15696969696969695,0.26322989416084674,0.49857142857142855,0.7435897435897436,1.0,1.0,1.0,1.0,0.0,0.0,1.0,0.0
0.03772418058132344,0.01679986560107519,0.1,0.7435897435897436,1.0,1.0,1.0,2.0,0.0,0.0,2.0,1.0
0.029066171923314777,0.04415964672282622,0.15571428571428572,0.7435897435897436,1.0,1.0,1.0,2.0,0.0,,2.0,1.0
0.036153370439084724,0.19454244366045073,0.2857142857142857,0.7435897435897436,1.0,1.0,1.0,2.0,0.0,0.0,2.0,1.0
0.021063698206555348,0.0681594547243622,0.16285714285714287,0.7435897435897436,1.0,1.0,0.0,0.0,0.0,0.0,0.0,0.0
0.014211502782931354,0.026063791489668083,0.024285714285714285,0.2307692307692308,1.0,1.0,1.0,2.0,0.0,0.0,2.0,1.0
0.059369202226345084,0.0,0.17857142857142858,0.7435897435897436,1.0,1.0,0.0,0.0,0.0,0.0,2.0,1.0
0.04262213976499691,0.0,0.14285714285714285,0.4871794871794872,,1.0,0.0,1.0,1.0,0.0,2.0,1.0
0.04155844155844156,0.0,0.10857142857142857,0.7435897435897436,0.0,0.0,0.0,0.0,0.0,0.0,2.0,0.0
0.0585899814471243,0.0,0.19,0.7435897435897436,1.0,1.0,1.0,0.0,1.0,0.0,0.0,0.0
0.0303030303030303,0.08399932800537596,0.16428571428571428,,1.0,1.0,1.0,0.0,0.0,,2.0,1.0
0.09288806431663574,0.0,0.14857142857142858,0.7435897435897436,0.0,1.0,1.0,0.0,1.0,0.0,2.0,0.0
0.07179962894248608,0.13499892000863994,0.45,0.7435897435897436,1.0,1.0,1.0,1.0,0.0,0.0,2.0,1.0
0.0303030303030303,0.045863633090935274,0.16571428571428573,0.7435897435897436,0.0,1.0,1.0,0.0,1.0,0.0,1.0,0.0
0.03976499690785405,0.04600763193894449,0.16,0.7435897435897436,0.0,,1.0,2.0,1.0,0.0,0.0,0.0
0.04411873840445269,0.07019943840449276,0.21571428571428572,0.7435897435897436,,1.0,1.0,1.0,0.0,,1.0,0.0
0.11638837353123066,0.0,0.27285714285714285,0.7435897435897436,1.0,1.0,1.0,0.0,0.0,1.0,1.0,1.0
0.032764378478664195,0.05407156742746058,0.1742857142857143,0.7435897435897436,1.0,1.0,1.0,0.0,0.0,0.0,1.0,1.0
0.0504143475572047,0.024959800321597427,0.15714285714285714,0.7435897435897436,1.0,1.0,1.0,2.0,1.0,0.0,2.0,1.0
0.015980210265924548,0.0,0.05,0.7435897435897436,1.0,1.0,0.0,0.0,1.0,0.0,2.0,0.0
0.04452690166975881,0.049991600067199465,0.17142857142857143,0.7435897435897436,1.0,0.0,0.0,2.0,0.0,,1.0,1.0
0.04967223252937539,0.08085535315717475,0.28714285714285714,0.7435897435897436,,1.0,1.0,1.0,0.0,,2.0,0.0
0.037316017316017316,0.0,0.10571428571428572,0.7435897435897436,1.0,1.0,0.0,0.0,0.0,0.0,2.0,0.0
0.05617810760667903,0.0,0.15142857142857144,0.7435897435897436,1.0,1.0,0.0,1.0,0.0,1.0,0.0,0.0
0.04143475572047001,0.04000767993856049,0.16285714285714287,0.7435897435897436,1.0,1.0,1.0,0.0,0.0,0.0,1.0,1.0
0.152752009894867,0.07199942400460796,0.45714285714285713,0.7435897435897436,1.0,1.0,0.0,3.0,0.0,0.0,0.0,0.0
0.02628324056895485,0.04960760313917489,0.0,0.7435897435897436,1.0,1.0,1.0,0.0,0.0,0.0,2.0,1.0
0.020754483611626465,0.03191974464204286,0.14285714285714285,,0.0,1.0,1.0,0.0,0.0,0.0,2.0,0.0
0.043500309214594926,0.03501571987424101,0.2057142857142857,0.7435897435897436,1.0,0.0,1.0,0.0,0.0,0.0,1.0,1.0
0.04967223252937539,0.17303861569107448,0.26285714285714284,0.7435897435897436,1.0,1.0,0.0,0.0,0.0,0.0,2.0,1.0
0.0445021645021645,0.04003167974656203,0.15714285714285714,0.7435897435897436,1.0,1.0,0.0,0.0,1.0,0.0,1.0,1.0
0.04267161410018553,0.0,0.11428571428571428,0.7435897435897436,1.0,1.0,0.0,0.0,0.0,0.0,2.0,0.0
0.02040816326530612,0.029111767105863155,0.06714285714285714,0.7435897435897436,1.0,1.0,0.0,0.0,0.0,0.0,2.0,1.0
0.027829313543599254,0.0,0.10714285714285715,0.7435897435897436,,1.0,1.0,0.0,0.0,0.0,2.0,1.0
0.04688930117501546,0.05606355149158807,0.19142857142857142,0.7435897435897436,1.0,1.0,1.0,0.0,0.0,0.0,1.0,1.0
0.0562152133580705,0.0,0.13714285714285715,,1.0,1.0,1.0,0.0,1.0,1.0,2.0,1.0
0.040321583178726035,0.0,0.12571428571428572,,1.0,0.0,0.0,0.0,0.0,0.0,2.0,1.0
0.06801484230055657,0.0,0.06285714285714286,0.7435897435897436,1.0,1.0,1.0,1.0,0.0,0.0,2.0,1.0
0.07014223871366727,0.0,0.2057142857142857,0.7435897435897436,1.0,1.0,1.0,0.0,0.0,0.0,2.0,1.0
0.030859616573902283,0.0825593395252838,0.17142857142857143,0.7435897435897436,0.0,0.0,1.0,0.0,0.0,0.0,2.0,0.0
0.047619047619047616,0.05459956320349437,0.2057142857142857,0.7435897435897436,1.0,0.0,0.0,0.0,0.0,0.0,1.0,1.0
0.02199134199134199,0.039455684354525164,0.14285714285714285,0.7435897435897436,1.0,0.0,1.0,0.0,1.0,0.0,1.0,1.0
0.03631416202844774,0.0,0.17142857142857143,0.7435897435897436,1.0,0.0,0.0,0.0,0.0,0.0,1.0,1.0
0.05046382189239332,0.0,0.16,0.7435897435897436,1.0,0.0,0.0,0.0,0.0,0.0,1.0,0.0
0.05523809523809524,0.0,0.19142857142857142,0.7435897435897436,1.0,1.0,1.0,2.0,0.0,0.0,2.0,0.0
0.1403834260977118,0.0,0.4085714285714286,0.7435897435897436,0.0,0.0,1.0,1.0,0.0,1.0,2.0,0.0
0.03163883735312307,0.0280077759377925,0.13857142857142857,0.7435897435897436,1.0,1.0,1.0,2.0,0.0,0.0,1.0,1.0
0.024514533085961653,0.038183694530443756,0.13714285714285715,0.7435897435897436,1.0,1.0,1.0,0.0,0.0,0.0,1.0,1.0
0.03977736549165121,0.05279957760337917,0.19285714285714287,0.7435897435897436,1.0,1.0,1.0,0.0,0.0,0.0,0.0,0.0
0.09808286951144093,0.053999568003455976,0.2571428571428572,0.7435897435897436,1.0,1.0,1.0,1.0,0.0,0.0,2.0,1.0
0.03966604823747681,0.06861545107639139,0.2057142857142857,0.7435897435897436,1.0,1.0,1.0,2.0,1.0,0.0,2.0,1.0
0.029066171923314777,0.09110327117383062,0.17142857142857143,0.7435897435897436,1.0,1.0,1.0,0.0,0.0,0.0,2.0,1.0
0.0356091527520099,0.0,0.14142857142857143,0.7435897435897436,1.0,1.0,1.0,3.0,0.0,0.0,2.0,1.0
0.030414347557204697,0.08277533779729762,0.2357142857142857,0.358974358974359,0.0,1.0,1.0,0.0,1.0,1.0,0.0,0.0
0.0593073593073593,0.0,0.0,0.7435897435897436,0.0,1.0,1.0,1.0,0.0,0.0,0.0,0.0
0.04967223252937539,0.0,0.16571428571428573,0.7435897435897436,0.0,0.0,0.0,0.0,0.0,0.0,1.0,0.0
0.06896722325293753,0.11027911776705787,0.3685714285714286,0.7435897435897436,1.0,1.0,1.0,0.0,0.0,0.0,1.0,0.0
0.03772418058132344,0.05409556723546212,0.18,0.358974358974359,0.0,1.0,0.0,0.0,1.0,0.0,2.0,0.0
0.13110698824984537,0.0,0.44571428571428573,0.7435897435897436,1.0,1.0,1.0,1.0,0.0,0.0,2.0,1.0
0.0859616573902288,0.0,0.17857142857142858,0.10256410256410257,1.0,1.0,1.0,3.0,1.0,1.0,2.0,1.0
0.051329622758194186,0.0,0.19428571428571428,0.7435897435897436,0.0,0.0,0.0,0.0,0.0,0.0,1.0,0.0
0.03782312925170068,0.07358341133270935,0.24571428571428572,0.7435897435897436,1.0,1.0,1.0,0.0,0.0,0.0,2.0,1.0
0.02133580705009276,0.04499964000287998,0.13857142857142857,0.7435897435897436,1.0,1.0,1.0,2.0,1.0,1.0,1.0,1.0
0.04143475572047001,0.0,0.11571428571428571,0.6153846153846154,1.0,1.0,0.0,0.0,0.0,0.0,1.0,1.0
0.056957328385899814,0.0,0.1357142857142857,,0.0,1.0,1.0,3.0,1.0,0.0,1.0,0.0
0.06327767470624612,0.042575659394724845,0.2671428571428571,0.7435897435897436,1.0,1.0,1.0,3.0,0.0,1.0,1.0,1.0
0.04452690166975881,0.0,0.16142857142857142,1.0000000000000002,1.0,1.0,0.0,0.0,0.0,0.0,2.0,0.0
0.04452690166975881,0.11399908800729594,0.25142857142857145,0.7435897435897436,1.0,1.0,0.0,0.0,0.0,0.0,2.0,0.0
0.010513296227581941,0.07252741978064176,0.15714285714285714,0.7435897435897436,1.0,1.0,1.0,1.0,0.0,1.0,2.0,0.0
0.037316017316017316,0.09599923200614395,0.2571428571428572,0.6153846153846154,0.0,1.0,1.0,3.0,0.0,0.0,1.0,0.0
0.03936920222634508,0.05198358413132695,0.18571428571428572,0.7435897435897436,,1.0,1.0,3.0,1.0,1.0,1.0,1.0
0.045714285714285714,0.0,0.15857142857142859,0.7435897435897436,1.0,0.0,0.0,0.0,0.0,0.0,1.0,1.0
0.027767470624613478,0.0,0.0,0.7435897435897436,1.0,1.0,1.0,1.0,0.0,1.0,1.0,1.0
0.015188620902906616,0.04514363885088919,0.23857142857142857,0.7435897435897436,1.0,0.0,1.0,2.0,0.0,0.0,2.0,0.0
0.07235621521335805,0.053999568003455976,0.37857142857142856,0.7435897435897436,,1.0,1.0,0.0,0.0,0.0,1.0,0.0
0.047470624613481754,0.0,0.07142857142857142,0.4871794871794872,1.0,1.0,1.0,1.0,0.0,0.0,2.0,1.0
0.027408781694495978,0.06074351405188759,0.19428571428571428,0.7435897435897436,1.0,1.0,0.0,0.0,0.0,0.0,1.0,1.0
0.03936920222634508,0.047999616003071975,0.14142857142857143,0.7435897435897436,,1.0,1.0,2.0,1.0,0.0,1.0,1.0
0.029066171923314777,0.05083159334725322,0.14857142857142858,0.7435897435897436,1.0,1.0,1.0,0.0,0.0,0.0,1.0,1.0
0.10409400123685837,0.0,0.3,0.7435897435897436,1.0,1.0,0.0,0.0,0.0,0.0,2.0,1.0
0.06858379715522572,0.10000719994240047,0.25,0.7435897435897436,1.0,1.0,1.0,0.0,0.0,0.0,1.0,1.0
0.03473098330241187,0.06959944320445437,0.18714285714285714,0.7435897435897436,1.0,1.0,1.0,0.0,0.0,0.0,1.0,1.0
0.07544836116264686,0.1356949144406845,0.26857142857142857,0.358974358974359,1.0,1.0,1.0,2.0,0.0,0.0,1.0,1.0
0.03862708719851577,0.0436796505627955,0.11571428571428571,0.7435897435897436,1.0,1.0,1.0,2.0,1.0,0.0,2.0,1.0
0.04926406926406926,0.0,0.1742857142857143,0.7435897435897436,1.0,1.0,0.0,0.0,0.0,0.0,1.0,1.0
0.04291898577612863,0.0,0.03571428571428571,0.2307692307692308,1.0,1.0,0.0,0.0,1.0,0.0,1.0,1.0
0.08202844774273345,0.0,0.0,0.7435897435897436,,1.0,0.0,0.0,0.0,,2.0,0.0
0.028868274582560294,0.05524755801953585,0.19571428571428573,0.7435897435897436,1.0,0.0,1.0,0.0,0.0,0.0,1.0,1.0
0.022597402597402595,0.023927808577531382,0.07142857142857142,0.7435897435897436,1.0,1.0,1.0,0.0,0.0,0.0,1.0,1.0
0.0499443413729128,0.0,0.16428571428571428,0.358974358974359,1.0,1.0,1.0,0.0,1.0,0.0,1.0,1.0
0.019901051329622756,0.08498332013343894,0.18714285714285714,0.7435897435897436,1.0,1.0,1.0,0.0,0.0,0.0,1.0,1.0
0.051181199752628324,0.07831137350901193,0.19,0.358974358974359,1.0,1.0,1.0,2.0,1.0,0.0,2.0,1.0
0.058045763760049475,0.09134326925384598,0.21571428571428572,0.7435897435897436,1.0,1.0,0.0,0.0,0.0,0.0,1.0,1.0
0.16697588126159552,0.0,0.0,0.7435897435897436,1.0,1.0,1.0,,0.0,0.0,2.0,1.0
0.055683364254792825,0.08599131206950344,0.0,0.7435897435897436,1.0,1.0,1.0,0.0,0.0,0.0,1.0,1.0
0.04534322820037106,0.018095855233158136,0.22857142857142856,0.7435897435897436,1.0,1.0,,,0.0,0.0,2.0,1.0
0.035893630179344466,0.02471980224158207,0.14285714285714285,0.7435897435897436,1.0,1.0,1.0,1.0,0.0,0.0,2.0,1.0
0.13935683364254792,0.027023783809729522,0.32142857142857145,0.7435897435897436,1.0,1.0,1.0,2.0,0.0,0.0,2.0,1.0
0.08884353741496598,0.0,0.17142857142857143,0.7435897435897436,1.0,1.0,0.0,0.0,1.0,,0.0,0.0
0.04514533085961657,0.08639930880552955,0.30857142857142855,0.7435897435897436,0.0,1.0,1.0,2.0,0.0,0.0,2.0,0.0
0.023760049474335184,0.018095855233158136,0.13428571428571429,1.0000000000000002,1.0,1.0,1.0,3.0,1.0,0.0,1.0,1.0
0.06389610389610388,0.0,0.19428571428571428,0.7435897435897436,1.0,1.0,0.0,0.0,0.0,0.0,2.0,1.0
0.034372294372294374,0.05599155206758346,0.19857142857142857,0.7435897435897436,1.0,0.0,1.0,0.0,0.0,,1.0,1.0
0.04232529375386518,0.09873521011831905,0.21714285714285714,,0.0,1.0,1.0,0.0,1.0,0.0,0.0,0.0
0.09030303030303029,0.0,0.0,0.7435897435897436,1.0,0.0,0.0,1.0,0.0,1.0,1.0,1.0
0.0606060606060606,0.0,0.16857142857142857,0.7435897435897436,1.0,1.0,0.0,0.0,0.0,,1.0,1.0
0.17851576994434135,0.0,0.2642857142857143,0.358974358974359,1.0,1.0,1.0,1.0,0.0,0.0,0.0,1.0
0.037316017316017316,0.054791561667506664,0.22,0.7435897435897436,1.0,0.0,1.0,0.0,0.0,0.0,1.0,1.0
0.025528756957328383,0.03355173158614731,0.12142857142857143,0.7435897435897436,,1.0,1.0,1.0,0.0,0.0,2.0,1.0
0.067012987012987,0.051407588739290085,0.25,0.7435897435897436,1.0,1.0,1.0,0.0,0.0,0.0,0.0,0.0
0.1268769325912183,0.0,0.37,0.7435897435897436,1.0,0.0,0.0,0.0,0.0,0.0,2.0,1.0
0.06823747680890536,0.06400748794009647,0.2571428571428572,0.7435897435897436,1.0,1.0,1.0,,0.0,0.0,0.0,1.0
0.04967223252937539,0.0,0.06285714285714286,0.7435897435897436,1.0,0.0,0.0,0.0,0.0,0.0,1.0,1.0
0.024576376004947432,0.21551827585379318,0.19571428571428573,0.7435897435897436,0.0,0.0,0.0,0.0,0.0,0.0,1.0,1.0
0.03471861471861472,0.0,0.11571428571428571,0.7435897435897436,1.0,1.0,1.0,2.0,0.0,0.0,1.0,1.0
0.051329622758194186,0.04833561331509348,0.27714285714285714,0.7435897435897436,1.0,1.0,1.0,0.0,1.0,0.0,0.0,1.0
0.043809523809523805,0.0,0.13285714285714287,0.7435897435897436,,0.0,0.0,0.0,0.0,0.0,0.0,1.0
0.29255411255411257,0.0,0.5285714285714286,0.7435897435897436,1.0,,1.0,3.0,0.0,0.0,0.0,1.0
0.04594928880643166,0.03935968512251902,0.0,0.7435897435897436,1.0,1.0,0.0,0.0,0.0,0.0,0.0,1.0
0.1281756338899196,0.09239926080591356,0.22857142857142856,0.358974358974359,0.0,1.0,1.0,1.0,0.0,1.0,2.0,0.0
0.07334570191713048,0.06165550675594596,0.26,0.7435897435897436,,1.0,1.0,0.0,0.0,0.0,0.0,0.0
0.24756957328385898,0.0,0.9285714285714286,1.0000000000000002,,1.0,0.0,0.0,0.0,1.0,2.0,1.0
0.023055040197897336,0.04629562963496292,0.10571428571428572,0.7435897435897436,1.0,1.0,0.0,0.0,0.0,0.0,2.0,1.0
0.03176252319109462,0.0,0.1,0.7435897435897436,1.0,1.0,0.0,0.0,0.0,0.0,1.0,1.0
0.04092764378478664,0.0,0.03571428571428571,0.2307692307692308,1.0,1.0,1.0,0.0,0.0,1.0,1.0,1.0
0.058688930117501543,0.0,0.1457142857142857,0.7435897435897436,1.0,1.0,0.0,0.0,0.0,0.0,1.0,1.0
0.047619047619047616,0.1859985120119039,0.4142857142857143,0.7435897435897436,1.0,1.0,1.0,3.0,0.0,0.0,1.0,0.0
0.05482993197278911,0.0,0.12000000000000001,0.7435897435897436,1.0,0.0,1.0,0.0,0.0,0.0,0.0,0.0
0.03915893630179344,0.08399932800537596,0.12571428571428572,0.7435897435897436,1.0,1.0,1.0,2.0,0.0,1.0,2.0,1.0
0.18366110080395792,0.0,0.3457142857142857,0.7435897435897436,0.0,1.0,0.0,0.0,0.0,0.0,1.0,0.0
0.05009276437847866,0.03431972544219646,0.1842857142857143,0.7435897435897436,1.0,1.0,1.0,2.0,1.0,0.0,0.0,0.0
0.06050711193568336,0.049991600067199465,0.2642857142857143,0.7435897435897436,1.0,1.0,1.0,2.0,0.0,0.0,0.0,0.0
0.06514533085961656,0.0,0.24000000000000002,0.7435897435897436,1.0,1.0,0.0,0.0,0.0,0.0,2.0,1.0
0.08410636982065553,0.0,0.25,0.358974358974359,1.0,1.0,0.0,0.0,0.0,1.0,1.0,1.0
0.03151515151515152,0.0488156094751242,0.1742857142857143,0.7435897435897436,1.0,1.0,1.0,0.0,0.0,0.0,1.0,1.0
0.1435621521335807,0.0,0.2671428571428571,0.358974358974359,1.0,1.0,1.0,2.0,0.0,0.0,2.0,1.0
0.02696351267779839,0.10766313869489044,0.14285714285714285,0.7435897435897436,1.0,0.0,1.0,0.0,0.0,0.0,1.0,1.0
0.18201607915893628,0.0,0.1,0.7435897435897436,1.0,0.0,1.0,2.0,0.0,0.0,2.0,1.0
0.01716759431045145,0.03419972640218878,0.04285714285714286,0.7435897435897436,1.0,1.0,1.0,1.0,0.0,0.0,2.0,1.0
0.12183055040197896,0.03998368013055896,0.32142857142857145,0.7435897435897436,1.0,0.0,0.0,0.0,0.0,0.0,0.0,0.0
0.05825602968460111,0.01991984064127487,0.17857142857142858,0.7435897435897436,1.0,1.0,1.0,0.0,0.0,0.0,1.0,1.0
0.07578231292517006,0.0,0.16857142857142857,0.7435897435897436,0.0,1.0,0.0,0.0,0.0,0.0,0.0,0.0
0.03001855287569573,0.08999928000575996,0.21714285714285714,0.7435897435897436,1.0,1.0,1.0,0.0,0.0,1.0,0.0,1.0
0.1115151515151515,0.0,0.3485714285714286,0.7435897435897436,1.0,1.0,0.0,0.0,0.0,0.0,2.0,0.0
0.026357452071737782,0.0,0.16142857142857142,0.7435897435897436,1.0,1.0,1.0,2.0,1.0,0.0,0.0,0.0
0.03839208410636982,0.0,0.07142857142857142,0.7435897435897436,1.0,1.0,0.0,0.0,0.0,0.0,2.0,1.0
0.49287569573283857,0.0,0.8571428571428572,0.358974358974359,0.0,1.0,1.0,3.0,0.0,0.0,1.0,1.0
0.07235621521335805,0.0,0.22857142857142856,0.7435897435897436,,1.0,1.0,1.0,0.0,0.0,0.0,1.0
0.11611626468769325,0.0,0.2671428571428571,0.7435897435897436,1.0,1.0,1.0,1.0,0.0,0.0,2.0,1.0
0.03500309214594929,0.049991600067199465,0.17142857142857143,0.7435897435897436,1.0,1.0,0.0,0.0,0.0,,0.0,1.0
0.05482993197278911,0.13499892000863994,0.36428571428571427,0.7435897435897436,1.0,1.0,1.0,0.0,0.0,0.0,1.0,1.0
0.0211873840445269,0.024983800129598964,0.14,0.7435897435897436,1.0,1.0,1.0,0.0,1.0,0.0,1.0,1.0
0.0962646876932591,0.0,0.39285714285714285,0.7435897435897436,1.0,1.0,1.0,0.0,0.0,0.0,2.0,0.0
0.03635126777983921,0.030719754241966064,0.17285714285714285,0.7435897435897436,0.0,1.0,1.0,1.0,0.0,0.0,1.0,0.0
0.04968460111317254,0.03472772217822258,0.22571428571428573,0.7435897435897436,1.0,1.0,1.0,2.0,0.0,0.0,0.0,1.0
0.11345701917130487,0.0,0.10714285714285715,0.358974358974359,1.0,1.0,1.0,0.0,0.0,0.0,2.0,1.0
0.04399505256648114,0.07598339213286294,0.26,,1.0,1.0,1.0,0.0,0.0,0.0,0.0,1.0
0.05482993197278911,0.0,0.16,0.7435897435897436,1.0,0.0,1.0,0.0,0.0,0.0,0.0,0.0
0.02831168831168831,0.07999136006911944,0.1842857142857143,0.7435897435897436,1.0,1.0,1.0,0.0,0.0,0.0,0.0,1.0
0.02581323438466295,0.0,0.09,1.0000000000000002,0.0,1.0,0.0,0.0,0.0,0.0,1.0,0.0
0.09709338280766851,0.0,0.2857142857142857,0.7435897435897436,1.0,1.0,1.0,2.0,0.0,0.0,1.0,1.0
0.020655534941249224,0.042455660354717165,0.1357142857142857,0.7435897435897436,1.0,1.0,1.0,0.0,1.0,,0.0,1.0
0.6383797155225726,0.0,1.0,0.6153846153846154,1.0,,1.0,3.0,0.0,0.0,2.0,1.0
0.04170686456400742,0.0,0.11571428571428571,0.358974358974359,1.0,1.0,1.0,3.0,1.0,0.0,0.0,0.0
0.06874458874458873,0.13499892000863994,0.2671428571428571,0.7435897435897436,1.0,1.0,1.0,0.0,0.0,0.0,1.0,1.0
0.051873840445269014,0.017663858689130486,0.12428571428571429,0.7435897435897436,1.0,1.0,1.0,0.0,1.0,1.0,1.0,0.0
0.04139764996907854,0.04713562291501668,0.16571428571428573,0.7435897435897436,1.0,1.0,1.0,0.0,0.0,0.0,0.0,1.0
0.02343846629560915,0.03885568915448676,0.1442857142857143,0.7435897435897436,1.0,1.0,1.0,2.0,0.0,0.0,0.0,1.0
0.06636982065553493,0.2711978304173567,0.7071428571428572,0.7435897435897436,0.0,1.0,1.0,3.0,0.0,0.0,1.0,0.0
0.04452690166975881,0.0,0.16571428571428573,0.7435897435897436,1.0,1.0,1.0,1.0,0.0,0.0,1.0,1.0
0.027000618429189854,0.03482372141022872,0.1457142857142857,1.0000000000000002,0.0,1.0,0.0,0.0,1.0,0.0,2.0,0.0
0.07730364873222015,0.17399860801113592,0.2571428571428572,0.7435897435897436,0.0,1.0,1.0,1.0,0.0,0.0,2.0,0.0
0.021842918985776127,0.1215110279117767,0.09571428571428571,0.7435897435897436,,1.0,0.0,0.0,0.0,0.0,0.0,0.0
0.05504019789734075,0.0,0.10428571428571429,0.358974358974359,1.0,1.0,1.0,0.0,0.0,0.0,1.0,1.0
0.41677179962894245,0.0,0.37142857142857144,0.7435897435897436,1.0,1.0,1.0,1.0,0.0,0.0,1.0,0.0
0.04298082869511441,0.0,0.15428571428571428,0.7435897435897436,1.0,0.0,1.0,0.0,0.0,0.0,1.0,1.0
0.48233766233766234,0.11399908800729594,0.17142857142857143,0.7435897435897436,1.0,1.0,1.0,0.0,0.0,1.0,1.0,1.0
0.025083487940630794,0.0,0.09428571428571429,0.6153846153846154,0.0,1.0,1.0,1.0,0.0,1.0,0.0,0.0
0.027619047619047616,0.05131158950728394,0.08285714285714287,0.7435897435897436,,1.0,1.0,0.0,0.0,0.0,0.0,1.0
0.006481137909709339,0.12710298317613458,0.24000000000000002,0.7435897435897436,1.0,,1.0,0.0,0.0,1.0,0.0,1.0
0.11351886209029065,0.0,0.26857142857142857,0.358974358974359,1.0,1.0,1.0,0.0,0.0,0.0,0.0,1.0
0.05856524427952999,0.0,0.06857142857142857,0.7435897435897436,1.0,1.0,0.0,0.0,1.0,0.0,0.0,1.0
0.1465677179962894,0.0,0.2342857142857143,0.7435897435897436,1.0,1.0,0.0,0.0,0.0,0.0,1.0,0.0
0.07276437847866418,0.0,0.22857142857142856,0.7435897435897436,1.0,1.0,1.0,0.0,1.0,0.0,2.0,0.0
0.045862708719851576,0.0,0.10857142857142857,0.7435897435897436,1.0,1.0,0.0,0.0,0.0,0.0,1.0,1.0
0.04998144712430427,0.0,0.17142857142857143,0.7435897435897436,1.0,1.0,0.0,0.0,0.0,0.0,0.0,1.0
0.03679653679653679,0.06199150406796746,0.24285714285714285,0.7435897435897436,1.0,1.0,1.0,1.0,0.0,0.0,1.0,0.0
0.1012121212121212,0.08999928000575996,0.2671428571428571,0.7435897435897436,1.0,1.0,0.0,0.0,0.0,0.0,0.0,1.0
0.02173160173160173,0.056759545923632616,0.17142857142857143,,1.0,0.0,0.0,0.0,1.0,0.0,2.0,1.0
0.040395794681508966,0.06758345933232535,0.16142857142857142,0.7435897435897436,,0.0,1.0,0.0,0.0,0.0,1.0,1.0
0.13419913419913418,0.0,0.11857142857142858,0.7435897435897436,1.0,1.0,0.0,0.0,0.0,1.0,2.0,0.0
0.0303030303030303,0.05999952000383997,0.1285714285714286,0.7435897435897436,1.0,1.0,1.0,1.0,1.0,0.0,1.0,1.0
0.05903525046382189,0.0,0.23714285714285716,0.7435897435897436,0.0,1.0,0.0,2.0,0.0,0.0,1.0,1.0
0.047520098948670375,0.0,0.0,0.358974358974359,1.0,1.0,1.0,3.0,1.0,0.0,2.0,0.0
0.04143475572047001,0.025991792065663474,0.19285714285714287,0.7435897435897436,1.0,1.0,1.0,1.0,1.0,0.0,2.0,1.0
0.04659245516388373,0.0,0.17714285714285716,0.7435897435897436,1.0,1.0,1.0,2.0,1.0,0.0,1.0,1.0
0.05266542980828695,0.0,0.17142857142857143,0.7435897435897436,1.0,0.0,0.0,0.0,1.0,0.0,1.0,1.0
0.03826839826839827,0.0,0.11428571428571428,0.7435897435897436,1.0,0.0,0.0,0.0,0.0,0.0,2.0,1.0
0.04730983302411874,0.06074351405188759,0.07857142857142857,0.7435897435897436,1.0,1.0,0.0,0.0,1.0,0.0,0.0,1.0
0.02880643166357452,0.0,0.08428571428571428,0.7435897435897436,1.0,1.0,0.0,0.0,0.0,0.0,2.0,1.0
0.040420531849103276,0.0,0.18142857142857144,0.7435897435897436,1.0,1.0,0.0,0.0,0.0,0.0,1.0,0.0
0.12183055040197896,0.0,0.3057142857142857,0.7435897435897436,1.0,0.0,0.0,0.0,0.0,0.0,1.0,0.0
0.04056895485466914,0.029999760001919985,0.18285714285714286,0.7435897435897436,0.0,1.0,1.0,3.0,0.0,0.0,1.0,0.0
0.09445887445887445,0.0,0.34285714285714286,0.7435897435897436,1.0,1.0,1.0,1.0,0.0,1.0,2.0,1.0
0.06868274582560296,0.0,0.18571428571428572,0.7435897435897436,1.0,1.0,1.0,3.0,1.0,1.0,0.0,1.0
0.03739022881880025,0.07250341997264022,0.19571428571428573,0.7435897435897436,1.0,1.0,1.0,0.0,0.0,0.0,2.0,1.0
0.045763760049474335,0.023591811265509875,0.14285714285714285,0.7435897435897436,1.0,1.0,1.0,3.0,1.0,0.0,1.0,1.0
0.0,0.04319965440276478,0.19285714285714287,0.7435897435897436,1.0,1.0,1.0,0.0,0.0,0.0,0.0,0.0
0.04424242424242424,0.04259965920272638,0.18714285714285714,0.7435897435897436,1.0,1.0,1.0,0.0,0.0,0.0,1.0,1.0
0.05998763141620284,0.0,0.10285714285714286,0.7435897435897436,0.0,1.0,1.0,2.0,0.0,,1.0,0.0
0.05111935683364255,0.05719154246766026,0.18142857142857144,0.7435897435897436,,0.0,1.0,2.0,0.0,0.0,1.0,1.0
0.02561533704390847,0.0,0.08571428571428572,0.7435897435897436,0.0,1.0,1.0,0.0,0.0,0.0,2.0,0.0
0.04773036487322201,0.041207670338637294,0.16571428571428573,0.7435897435897436,1.0,1.0,1.0,2.0,0.0,0.0,1.0,1.0
0.03489177489177489,0.06698346413228694,0.2057142857142857,0.7435897435897436,1.0,1.0,0.0,0.0,0.0,0.0,1.0,1.0
0.091873840445269,0.024239806081551348,0.25,,1.0,1.0,1.0,0.0,0.0,0.0,1.0,1.0
0.07544836116264686,0.0,0.18285714285714286,0.7435897435897436,1.0,1.0,1.0,0.0,0.0,0.0,1.0,1.0
0.0383426097711812,0.0,0.24285714285714285,0.7435897435897436,1.0,1.0,1.0,0.0,0.0,0.0,0.0,0.0
0.05670995670995671,0.0,0.19714285714285715,0.7435897435897436,1.0,1.0,1.0,,1.0,1.0,2.0,0.0
0.07544836116264686,0.0406796745626035,0.3,0.7435897435897436,1.0,1.0,1.0,2.0,0.0,0.0,1.0,1.0
0.05699443413729128,0.0,0.22571428571428573,1.0000000000000002,1.0,1.0,,,0.0,0.0,1.0,1.0
0.07730364873222015,0.0,0.2857142857142857,0.7435897435897436,1.0,1.0,0.0,0.0,0.0,1.0,0.0,1.0
0.02895485466914038,0.04929560563515492,0.14857142857142858,0.7435897435897436,1.0,1.0,1.0,1.0,0.0,0.0,1.0,1.0
0.044106369820655536,0.0,0.060000000000000005,0.358974358974359,1.0,1.0,1.0,0.0,0.0,,0.0,1.0
0.03758812615955473,0.062351501187990495,0.17142857142857143,,1.0,1.0,0.0,0.0,1.0,0.0,0.0,1.0
0.1012121212121212,0.0,0.4,0.7435897435897436,1.0,0.0,0.0,0.0,0.0,0.0,1.0,1.0
0.037167594310451454,0.042695658434732525,0.2,0.7435897435897436,1.0,1.0,1.0,1.0,0.0,0.0,1.0,1.0
0.06617192331478045,0.030239758081935346,0.24285714285714285,0.7435897435897436,1.0,1.0,1.0,1.0,0.0,0.0,0.0,1.0
0.06921459492888063,0.0,0.36428571428571427,0.7435897435897436,,1.0,1.0,0.0,0.0,,2.0,0.0
0.04097711811997526,0.0,0.1742857142857143,0.7435897435897436,,0.0,0.0,0.0,0.0,1.0,2.0,1.0
0.04529375386518244,0.0,0.16,0.7435897435897436,1.0,0.0,0.0,1.0,0.0,0.0,0.0,1.0
0.03914656771799629,0.0,0.13714285714285715,0.7435897435897436,1.0,1.0,1.0,1.0,0.0,0.0,1.0,1.0
0.07011750154607296,0.11999904000767994,0.17142857142857143,0.7435897435897436,1.0,1.0,1.0,2.0,0.0,0.0,0.0,1.0
0.02918985776128633,0.047591619267045866,0.2,0.358974358974359,1.0,1.0,1.0,1.0,1.0,0.0,2.0,0.0
0.03481756338899196,0.13682290541675668,0.22142857142857145,0.10256410256410257,1.0,1.0,0.0,0.0,0.0,0.0,2.0,1.0
0.07544836116264686,0.031199750401996785,0.15428571428571428,0.7435897435897436,1.0,1.0,1.0,2.0,0.0,1.0,0.0,1.0
0.040272108843537414,0.10600715194278446,0.1757142857142857,0.7435897435897436,1.0,1.0,1.0,0.0,1.0,0.0,1.0,1.0
0.07297464440321583,0.10399116807065543,0.17142857142857143,0.358974358974359,1.0,1.0,0.0,0.0,0.0,1.0,2.0,0.0
0.11815708101422386,0.0,0.16,0.7435897435897436,1.0,1.0,1.0,2.0,0.0,0.0,2.0,1.0
0.07987631416202844,0.0,0.19571428571428573,0.358974358974359,1.0,1.0,1.0,1.0,1.0,0.0,2.0,1.0
0.033790970933828074,0.044231646146830825,0.1757142857142857,1.0000000000000002,1.0,1.0,1.0,1.0,0.0,0.0,1.0,1.0
0.020519480519480517,0.044831641346869226,0.1285714285714286,0.7435897435897436,1.0,1.0,1.0,0.0,0.0,0.0,2.0,1.0
0.01877551020408163,0.093359253125975,0.28714285714285714,0.7435897435897436,0.0,1.0,1.0,0.0,1.0,0.0,1.0,0.0
0.04053184910327767,0.0,0.19714285714285715,0.7435897435897436,1.0,0.0,0.0,2.0,0.0,0.0,2.0,0.0
0.030092764378478663,0.052007583939328486,0.14857142857142858,0.7435897435897436,1.0,1.0,0.0,0.0,1.0,1.0,0.0,1.0
0.031057513914656765,0.17042263661890705,0.3985714285714286,0.358974358974359,1.0,1.0,1.0,1.0,1.0,0.0,1.0,1.0
0.1991341991341991,0.0,0.2742857142857143,0.7435897435897436,0.0,1.0,0.0,0.0,0.0,1.0,2.0,0.0
0.036277056277056276,0.0,0.36428571428571427,0.7435897435897436,1.0,0.0,0.0,3.0,0.0,0.0,0.0,1.0
0.07291280148423004,0.0,0.16428571428571428,0.7435897435897436,0.0,1.0,0.0,0.0,1.0,0.0,0.0,0.0
0.06307977736549164,0.0,0.13428571428571429,0.7435897435897436,1.0,1.0,1.0,3.0,0.0,0.0,2.0,0.0
0.1797526283240569,0.050399596803225574,0.4342857142857143,0.7435897435897436,1.0,1.0,1.0,0.0,0.0,0.0,0.0,0.0
0.05913419913419913,0.0,0.18285714285714286,0.7435897435897436,,1.0,1.0,3.0,1.0,0.0,1.0,0.0
0.07338280766852194,0.10199918400652795,0.4714285714285714,0.7435897435897436,,1.0,1.0,1.0,0.0,0.0,2.0,1.0
0.023623995052566477,0.053015575875392996,0.19142857142857142,0.7435897435897436,1.0,1.0,0.0,0.0,0.0,0.0,1.0,1.0
0.04119975262832406,0.0,0.22142857142857145,0.05128205128205128,1.0,0.0,0.0,1.0,0.0,0.0,1.0,0.0
0.08719851576994433,0.0,0.17142857142857143,0.7435897435897436,1.0,0.0,0.0,0.0,0.0,0.0,0.0,1.0
0.062040816326530614,0.0,0.18285714285714286,0.7435897435897436,1.0,1.0,0.0,0.0,0.0,1.0,1.0,1.0
0.048794063079777364,0.08272733818129455,0.21571428571428572,0.7435897435897436,1.0,1.0,0.0,0.0,0.0,0.0,0.0,1.0
0.056376004947433514,0.033287733698130414,0.2142857142857143,0.7435897435897436,1.0,1.0,1.0,2.0,0.0,0.0,1.0,1.0
0.05173778602350031,0.043463652290781675,0.22857142857142856,0.7435897435897436,0.0,1.0,1.0,3.0,0.0,0.0,2.0,1.0
0.040420531849103276,0.0,0.19285714285714287,0.7435897435897436,1.0,0.0,0.0,0.0,0.0,,0.0,0.0
0.03371675943104514,0.03743970048239614,0.1285714285714286,0.7435897435897436,1.0,0.0,0.0,1.0,0.0,0.0,2.0,1.0
0.03818181818181818,0.0,0.04285714285714286,0.7435897435897436,1.0,0.0,0.0,0.0,0.0,0.0,2.0,1.0
0.13600494743351885,0.0,0.19428571428571428,0.7435897435897436,1.0,1.0,1.0,0.0,0.0,0.0,2.0,1.0
0.03318491032776747,0.04456764345885233,0.18,0.7435897435897436,1.0,1.0,0.0,0.0,0.0,0.0,0.0,1.0
0.030550401978973404,0.0533515731874145,0.2142857142857143,0.7435897435897436,1.0,1.0,1.0,0.0,0.0,0.0,1.0,1.0
0.04638218923933209,0.0,0.1285714285714286,0.7435897435897436,1.0,1.0,1.0,2.0,0.0,0.0,1.0,1.0
0.032158317872603585,0.044207646338829294,0.16428571428571428,0.7435897435897436,1.0,1.0,1.0,1.0,0.0,0.0,1.0,1.0
0.04753246753246753,0.07857537139702883,0.2957142857142857,0.7435897435897436,1.0,1.0,1.0,0.0,0.0,0.0,1.0,1.0
0.03652442795299938,0.031199750401996785,0.11428571428571428,0.7435897435897436,1.0,1.0,1.0,0.0,0.0,0.0,2.0,1.0
0.17851576994434135,0.0,0.6228571428571429,0.7435897435897436,1.0,1.0,1.0,0.0,0.0,0.0,1.0,1.0
0.04885590599876314,0.0,0.17714285714285716,0.7435897435897436,,0.0,1.0,0.0,1.0,0.0,0.0,1.0
0.04827458256029685,0.05822353421172631,0.22571428571428573,0.7435897435897436,0.0,1.0,0.0,1.0,1.0,1.0,2.0,0.0
0.04671614100185529,0.01919984640122879,0.16,0.7435897435897436,1.0,1.0,1.0,0.0,0.0,0.0,1.0,1.0
0.026604823747680886,0.023659010435116517,0.11142857142857143,0.358974358974359,1.0,1.0,1.0,2.0,0.0,0.0,2.0,1.0
0.020544217687074828,0.03998368013055896,0.07714285714285714,0.7435897435897436,1.0,0.0,0.0,0.0,0.0,0.0,2.0,1.0
0.25376623376623375,0.0,0.0,0.7435897435897436,1.0,1.0,1.0,0.0,0.0,0.0,0.0,0.0
0.03720470006184292,0.07327141382868937,0.12714285714285714,0.7435897435897436,1.0,1.0,0.0,0.0,0.0,0.0,0.0,1.0
0.0303030303030303,0.041207670338637294,0.14142857142857143,0.6153846153846154,1.0,0.0,0.0,0.0,0.0,1.0,1.0,0.0
0.043957946815089674,0.047999616003071975,0.17142857142857143,0.7435897435897436,1.0,1.0,1.0,0.0,0.0,0.0,0.0,1.0
0.049152752009894864,0.0,0.16428571428571428,0.7435897435897436,1.0,0.0,0.0,0.0,0.0,0.0,1.0,1.0
0.11574520717377859,0.0,0.2671428571428571,0.7435897435897436,1.0,1.0,0.0,0.0,0.0,0.0,0.0,1.0
0.036178107606679034,0.05798353613171095,0.19857142857142857,0.7435897435897436,1.0,1.0,1.0,0.0,0.0,0.0,0.0,1.0
0.05256648113790971,0.0,0.18142857142857144,0.7435897435897436,0.0,1.0,1.0,2.0,0.0,0.0,1.0,0.0
0.037142857142857144,0.03743970048239614,0.19142857142857142,0.7435897435897436,1.0,1.0,1.0,2.0,0.0,0.0,2.0,1.0
0.06514533085961656,0.0,0.2042857142857143,1.0000000000000002,0.0,0.0,0.0,,0.0,0.0,2.0,0.0
0.027619047619047616,0.08001535987712098,0.24571428571428572,0.7435897435897436,1.0,1.0,1.0,0.0,0.0,0.0,1.0,1.0
0.05276437847866419,0.029999760001919985,0.15714285714285714,0.7435897435897436,1.0,1.0,1.0,3.0,0.0,,2.0,1.0
0.08317872603586889,0.0,0.2857142857142857,0.7435897435897436,1.0,1.0,1.0,1.0,0.0,0.0,1.0,1.0
0.055856524427953,0.0,0.19285714285714287,0.7435897435897436,1.0,0.0,1.0,1.0,0.0,0.0,2.0,1.0
0.05998763141620284,0.060983512131902944,0.21571428571428572,1.0000000000000002,1.0,0.0,0.0,0.0,0.0,0.0,0.0,0.0
0.023055040197897336,0.07019943840449276,0.16142857142857142,0.7435897435897436,1.0,1.0,1.0,1.0,0.0,0.0,2.0,0.0
0.02040816326530612,0.07041543667650658,0.13285714285714287,0.7435897435897436,0.0,1.0,1.0,0.0,1.0,0.0,2.0,0.0
0.03370439084724799,0.04199966400268798,0.15,0.7435897435897436,1.0,1.0,1.0,,1.0,0.0,1.0,1.0
0.05998763141620284,0.0,0.18857142857142858,0.7435897435897436,1.0,0.0,0.0,0.0,0.0,0.0,0.0,1.0
0.018243661100803957,0.04327165382676939,0.13714285714285715,0.7435897435897436,1.0,1.0,1.0,1.0,0.0,0.0,2.0,1.0
0.047619047619047616,0.05999952000383997,0.2,0.7435897435897436,1.0,1.0,0.0,0.0,0.0,0.0,0.0,1.0
0.022881880024737164,0.0,0.0,0.7435897435897436,1.0,1.0,0.0,0.0,1.0,0.0,2.0,0.0
0.044675324675324674,0.03998368013055896,0.19285714285714287,0.7435897435897436,1.0,0.0,0.0,0.0,0.0,0.0,0.0,1.0
0.027829313543599254,0.044711642306861546,0.14857142857142858,0.7435897435897436,0.0,0.0,0.0,0.0,0.0,0.0,2.0,0.0
0.24839826839826837,0.0,0.6857142857142857,0.7435897435897436,1.0,1.0,0.0,0.0,0.0,0.0,0.0,0.0
0.09297464440321582,0.0,0.2642857142857143,0.7435897435897436,,1.0,1.0,2.0,1.0,0.0,0.0,1.0
0.03422387136672851,0.0,0.12000000000000001,0.7435897435897436,1.0,0.0,0.0,0.0,0.0,0.0,1.0,1.0
0.03434755720470006,0.05771953824369405,0.15857142857142859,0.7435897435897436,1.0,1.0,0.0,0.0,1.0,0.0,1.0,1.0
0.029152752009894863,0.0,0.08,0.7435897435897436,1.0,0.0,0.0,0.0,0.0,0.0,0.0,1.0
0.06921459492888063,0.0,0.2057142857142857,0.15384615384615388,,1.0,1.0,2.0,0.0,1.0,0.0,1.0
0.028732220160791584,0.044231646146830825,0.22714285714285715,0.7435897435897436,1.0,,1.0,0.0,0.0,0.0,0.0,0.0
0.04018552875695733,0.03935968512251902,0.15857142857142859,0.358974358974359,1.0,1.0,1.0,1.0,1.0,0.0,2.0,1.0
0.04411873840445269,0.0,0.17142857142857143,0.7435897435897436,1.0,1.0,1.0,2.0,0.0,0.0,1.0,1.0
0.023599257884972167,0.0512155902752778,0.12571428571428572,0.7435897435897436,,1.0,1.0,0.0,0.0,0.0,2.0,1.0
0.04194186765615337,0.0,0.16,0.7435897435897436,,0.0,0.0,1.0,0.0,0.0,1.0,1.0
0.12183055040197896,0.0,0.22142857142857145,0.7435897435897436,1.0,1.0,1.0,1.0,0.0,1.0,0.0,0.0
0.027829313543599254,0.052007583939328486,0.16428571428571428,0.7435897435897436,1.0,1.0,1.0,0.0,0.0,0.0,1.0,1.0
0.0518491032776747,0.004535963712290302,0.17714285714285716,0.7435897435897436,1.0,1.0,1.0,3.0,0.0,0.0,1.0,1.0
0.042683982683982685,0.038159694722442225,0.0,0.7435897435897436,1.0,1.0,1.0,2.0,1.0,0.0,0.0,1.0
0.03730364873222016,0.07163942688458493,0.18857142857142858,0.7435897435897436,,0.0,0.0,0.0,0.0,0.0,0.0,1.0
0.18367346938775508,0.0,0.4285714285714286,0.7435897435897436,1.0,1.0,1.0,3.0,0.0,0.0,0.0,1.0
0.10533085961657389,0.11959104327165383,0.5371428571428571,0.7435897435897436,0.0,1.0,1.0,1.0,0.0,1.0,0.0,0.0
0.05896103896103896,0.0,0.18571428571428572,0.7435897435897436,0.0,1.0,0.0,0.0,0.0,0.0,0.0,1.0
0.07010513296227582,0.05183958528331774,0.26285714285714284,0.7435897435897436,1.0,1.0,1.0,0.0,0.0,1.0,1.0,1.0
0.05173778602350031,0.058823529411764705,0.15714285714285714,0.7435897435897436,1.0,0.0,1.0,0.0,0.0,0.0,2.0,0.0
0.029066171923314777,0.0,0.09571428571428571,0.7435897435897436,1.0,0.0,0.0,0.0,0.0,0.0,2.0,1.0
0.05236858379715523,0.04303165574675403,0.16714285714285715,0.7435897435897436,1.0,1.0,0.0,1.0,0.0,0.0,2.0,1.0
0.034446505875077305,0.0,0.14,0.7435897435897436,1.0,1.0,0.0,0.0,0.0,0.0,1.0,1.0
0.03318491032776747,0.0,0.10142857142857144,0.7435897435897436,1.0,1.0,0.0,,0.0,0.0,2.0,1.0
0.7815337043908471,0.0,0.7000000000000001,0.358974358974359,1.0,1.0,1.0,0.0,0.0,,2.0,1.0
0.11976499690785404,0.043991648066815464,0.26,0.358974358974359,1.0,,1.0,1.0,0.0,1.0,2.0,1.0
0.06620902906617192,0.10775913792689659,0.1,,1.0,1.0,1.0,,0.0,1.0,1.0,1.0
0.06307977736549164,0.01651186790505676,0.22857142857142856,0.7435897435897436,1.0,1.0,1.0,1.0,0.0,,0.0,1.0
0.029066171923314777,0.11039911680706554,0.25142857142857145,0.7435897435897436,1.0,1.0,1.0,2.0,0.0,1.0,0.0,1.0
0.020779220779220776,0.0,0.0,0.7435897435897436,0.0,0.0,0.0,3.0,1.0,0.0,2.0,0.0
0.049598021026592456,0.0,0.10142857142857144,0.7435897435897436,1.0,0.0,0.0,0.0,0.0,0.0,1.0,1.0
0.030884353741496593,0.03808769529843761,0.24714285714285714,0.7435897435897436,1.0,1.0,1.0,3.0,1.0,0.0,0.0,0.0
0.02755720470006184,0.0,0.06571428571428571,0.7435897435897436,1.0,0.0,0.0,0.0,0.0,0.0,0.0,0.0
0.05447124304267161,0.02949576403388773,0.22571428571428573,0.7435897435897436,1.0,1.0,1.0,1.0,1.0,0.0,2.0,1.0
0.03739022881880025,0.0,0.10571428571428572,0.7435897435897436,1.0,1.0,1.0,3.0,1.0,0.0,1.0,1.0
0.030092764378478663,0.055919552643578854,0.17857142857142858,0.7435897435897436,1.0,1.0,1.0,2.0,0.0,,0.0,1.0
0.029053803339517622,0.05899152806777546,0.22857142857142856,0.7435897435897436,1.0,1.0,1.0,0.0,0.0,0.0,1.0,1.0
0.041719233147804576,0.07751937984496124,0.21714285714285714,0.7435897435897436,0.0,1.0,1.0,,1.0,0.0,0.0,0.0
0.036277056277056276,0.052031583747330024,0.18,0.7435897435897436,1.0,1.0,1.0,2.0,1.0,0.0,2.0,1.0
0.07647495361781075,0.10999112007103944,0.37,0.7435897435897436,,1.0,1.0,0.0,0.0,0.0,1.0,1.0
0.03061224489795918,0.14999880000959992,0.2671428571428571,0.7435897435897436,1.0,1.0,1.0,0.0,0.0,0.0,0.0,1.0
0.11048855905998761,0.0,0.32571428571428573,0.7435897435897436,1.0,1.0,1.0,0.0,0.0,0.0,1.0,1.0
0.10636982065553492,0.10000719994240047,0.44,0.7435897435897436,1.0,1.0,0.0,0.0,0.0,0.0,0.0,0.0
0.03111935683364254,0.049991600067199465,0.1357142857142857,0.7435897435897436,1.0,1.0,1.0,3.0,0.0,0.0,0.0,1.0
0.06617192331478045,0.0,0.15,0.7435897435897436,0.0,0.0,1.0,0.0,0.0,1.0,0.0,0.0
0.028113790970933826,0.012119903040775674,0.18571428571428572,0.7435897435897436,1.0,0.0,1.0,0.0,0.0,0.0,1.0,1.0
0.045306122448979594,0.0,0.16571428571428573,0.358974358974359,1.0,0.0,0.0,,0.0,0.0,2.0,1.0
0.1012121212121212,0.07600739194086448,0.2357142857142857,0.7435897435897436,1.0,1.0,1.0,2.0,0.0,0.0,0.0,1.0
0.046072974644403214,0.0,0.09571428571428571,0.7435897435897436,1.0,1.0,1.0,1.0,0.0,0.0,2.0,0.0
0.03525046382189239,0.03998368013055896,0.14285714285714285,1.0000000000000002,0.0,1.0,1.0,0.0,1.0,0.0,2.0,0.0
0.06205318491032776,0.07600739194086448,0.2857142857142857,0.7435897435897436,1.0,1.0,1.0,3.0,0.0,0.0,1.0,1.0
0.05656153370439085,0.0,0.11571428571428571,0.7435897435897436,1.0,0.0,0.0,1.0,0.0,0.0,1.0,0.0
0.05998763141620284,0.08800729594163247,0.33714285714285713,0.7435897435897436,1.0,1.0,1.0,2.0,0.0,0.0,1.0,1.0
0.05689548546691404,0.05599155206758346,0.18571428571428572,0.7435897435897436,1.0,1.0,1.0,0.0,0.0,0.0,2.0,1.0
0.03541125541125541,0.07279141766865865,0.1357142857142857,0.6153846153846154,,1.0,1.0,0.0,0.0,0.0,2.0,1.0
0.08252319109461966,0.0,0.20142857142857143,0.7435897435897436,1.0,1.0,0.0,0.0,0.0,1.0,0.0,1.0
0.07502782931354358,0.0,0.19,0.7435897435897436,1.0,1.0,0.0,0.0,1.0,0.0,0.0,0.0
0.029066171923314777,0.0,0.13714285714285715,1.0000000000000002,1.0,1.0,0.0,0.0,0.0,0.0,1.0,0.0
0.0615213358070501,0.0,0.17714285714285716,,0.0,1.0,0.0,0.0,0.0,0.0,0.0,0.0
0.0763760049474335,0.0,0.25,0.7435897435897436,1.0,1.0,1.0,1.0,0.0,0.0,1.0,1.0
0.2421768707482993,0.12638298893608851,0.8142857142857143,0.7435897435897436,1.0,1.0,1.0,0.0,0.0,0.0,0.0,0.0
0.1930612244897959,0.0,0.07857142857142857,0.7435897435897436,1.0,0.0,0.0,0.0,0.0,1.0,1.0,1.0
0.062275819418676555,0.0,0.22142857142857145,0.7435897435897436,1.0,1.0,1.0,2.0,0.0,0.0,1.0,1.0
0.11345701917130487,0.18895048839609282,0.5428571428571428,0.6153846153846154,1.0,1.0,1.0,2.0,0.0,1.0,0.0,1.0
0.03601731601731602,0.04768761849905201,0.15857142857142859,0.358974358974359,0.0,1.0,0.0,1.0,0.0,0.0,2.0,0.0
0.03233147804576376,0.03501571987424101,0.15714285714285714,0.7435897435897436,1.0,0.0,0.0,0.0,0.0,,2.0,1.0
0.057724180581323434,0.02215182278541772,0.17142857142857143,0.358974358974359,1.0,1.0,1.0,0.0,0.0,0.0,2.0,1.0
0.10636982065553492,0.1199030407756738,0.18571428571428572,0.7435897435897436,1.0,1.0,1.0,3.0,0.0,0.0,0.0,1.0
0.05145330859616574,0.0,0.18571428571428572,0.7435897435897436,,1.0,1.0,0.0,0.0,0.0,1.0,1.0
0.0361038961038961,0.0,0.10142857142857144,1.0000000000000002,1.0,1.0,0.0,0.0,0.0,0.0,2.0,0.0
0.06482374768089053,0.0,0.18571428571428572,0.7435897435897436,1.0,1.0,1.0,2.0,0.0,0.0,2.0,1.0
0.03936920222634508,0.05999952000383997,0.18285714285714286,0.7435897435897436,1.0,1.0,1.0,0.0,0.0,,1.0,1.0
0.07162646876932591,0.1015671874625003,0.4228571428571429,0.7435897435897436,1.0,1.0,0.0,0.0,0.0,0.0,1.0,1.0
0.07235621521335805,0.0,0.22285714285714286,0.7435897435897436,1.0,0.0,0.0,0.0,0.0,0.0,2.0,1.0
0.08679035250463821,0.0,0.18285714285714286,0.7435897435897436,1.0,1.0,0.0,0.0,0.0,1.0,2.0,1.0
0.054619666048237474,0.0,0.14285714285714285,0.7435897435897436,1.0,1.0,1.0,2.0,0.0,0.0,2.0,0.0
0.043500309214594926,0.0,0.16142857142857142,0.358974358974359,1.0,1.0,0.0,1.0,0.0,,2.0,1.0
0.02716141001855287,0.03839969280245758,0.18857142857142858,0.7435897435897436,1.0,1.0,0.0,0.0,1.0,0.0,1.0,1.0
0.03537414965986394,0.07526339789281686,0.0,0.7435897435897436,0.0,1.0,1.0,0.0,1.0,0.0,2.0,0.0
0.027000618429189854,0.05800753593971249,0.19428571428571428,0.7435897435897436,1.0,1.0,1.0,0.0,0.0,0.0,2.0,1.0
0.06602350030921458,0.0,0.17857142857142858,0.7435897435897436,1.0,1.0,1.0,0.0,0.0,0.0,0.0,1.0
0.11152752009894866,0.0,0.2642857142857143,0.7435897435897436,1.0,1.0,0.0,3.0,0.0,0.0,0.0,1.0
0.11569573283858997,0.0,0.39285714285714285,0.7435897435897436,1.0,1.0,1.0,3.0,0.0,0.0,0.0,1.0
0.030092764378478663,0.050759593923248615,0.17142857142857143,0.7435897435897436,,1.0,1.0,0.0,0.0,0.0,2.0,1.0
0.022795299938157078,0.03899968800249598,0.16142857142857142,0.358974358974359,1.0,1.0,1.0,2.0,1.0,0.0,1.0,1.0
0.036487322201607914,0.03359973120215038,0.16142857142857142,0.7435897435897436,1.0,1.0,1.0,2.0,0.0,0.0,2.0,1.0
0.038664192949907236,0.011615907072743419,0.19285714285714287,0.7435897435897436,,1.0,1.0,2.0,0.0,0.0,1.0,1.0
0.037476808905380334,0.0,0.10142857142857144,0.7435897435897436,0.0,0.0,0.0,0.0,0.0,0.0,2.0,0.0
0.03565862708719852,0.03501571987424101,0.1357142857142857,0.7435897435897436,1.0,1.0,1.0,0.0,0.0,0.0,2.0,1.0
0.0464069264069264,0.03998368013055896,0.15571428571428572,0.7435897435897436,1.0,1.0,0.0,0.0,1.0,0.0,0.0,1.0
0.01669758812615955,0.04319965440276478,0.14714285714285716,0.7435897435897436,0.0,0.0,0.0,0.0,0.0,0.0,1.0,0.0
0.03387755102040816,0.0,0.0642857142857143,0.358974358974359,0.0,1.0,1.0,2.0,1.0,0.0,2.0,0.0
0.03222016079158936,0.0,0.09285714285714286,0.6153846153846154,1.0,1.0,0.0,0.0,1.0,0.0,0.0,0.0
0.029066171923314777,0.47999616003071977,0.14714285714285716,0.7435897435897436,1.0,1.0,0.0,0.0,0.0,0.0,1.0,1.0
0.022424242424242423,0.0,0.07571428571428572,0.7435897435897436,1.0,0.0,0.0,0.0,1.0,0.0,1.0,1.0
0.09017934446505874,0.0,0.27714285714285714,0.7435897435897436,1.0,0.0,0.0,0.0,0.0,1.0,0.0,0.0
0.054384662956091526,0.0,0.16428571428571428,0.7435897435897436,1.0,0.0,0.0,0.0,0.0,0.0,1.0,1.0
0.024947433518862087,0.05759953920368637,0.16428571428571428,0.7435897435897436,1.0,1.0,1.0,0.0,1.0,0.0,2.0,1.0
0.025516388373531228,0.0,0.09428571428571429,0.7435897435897436,1.0,0.0,0.0,0.0,1.0,0.0,0.0,1.0
0.10080395794681507,0.0,0.21714285714285714,0.6153846153846154,0.0,1.0,1.0,1.0,0.0,0.0,1.0,0.0
0.9999999999999999,0.0,0.5142857142857143,0.7435897435897436,0.0,1.0,1.0,3.0,0.0,0.0,0.0,0.0
0.04597402597402597,0.0,0.08857142857142858,0.7435897435897436,1.0,0.0,0.0,1.0,1.0,1.0,1.0,0.0
0.07552257266542979,0.0,0.22857142857142856,0.7435897435897436,,1.0,1.0,0.0,0.0,,2.0,1.0
0.07354359925788496,0.0,0.31142857142857144,0.7435897435897436,0.0,1.0,1.0,0.0,1.0,0.0,0.0,0.0
0.026011131725417438,0.04879160966712266,0.15714285714285714,0.7435897435897436,1.0,1.0,1.0,0.0,1.0,0.0,0.0,1.0
0.024724799010513294,0.077687378500972,0.2542857142857143,0.7435897435897436,0.0,0.0,1.0,0.0,1.0,0.0,1.0,0.0
0.035188620902906614,0.0,0.08571428571428572,0.7435897435897436,1.0,0.0,0.0,0.0,0.0,0.0,2.0,1.0
0.0303030303030303,0.0,0.22857142857142856,0.7435897435897436,1.0,0.0,0.0,1.0,0.0,0.0,2.0,0.0
0.017934446505875074,0.47999616003071977,0.3414285714285714,0.7435897435897436,1.0,1.0,1.0,2.0,0.0,1.0,2.0,0.0
0.010822510822510822,0.06655146758825929,0.16,0.7435897435897436,1.0,1.0,1.0,0.0,0.0,0.0,0.0,1.0
0.03829313543599258,0.034007727938176496,0.19714285714285715,0.7435897435897436,1.0,1.0,1.0,0.0,0.0,0.0,1.0,1.0
0.07024118738404452,0.0,0.19714285714285715,0.7435897435897436,1.0,1.0,1.0,0.0,0.0,0.0,0.0,1.0
0.03178726035868893,0.0,0.11428571428571428,,0.0,0.0,0.0,0.0,1.0,0.0,2.0,0.0
0.020655534941249224,0.04125566995464036,0.14285714285714285,0.7435897435897436,1.0,1.0,1.0,0.0,0.0,0.0,2.0,1.0
0.08781694495980209,0.04000767993856049,0.15714285714285714,,0.0,1.0,1.0,1.0,0.0,0.0,2.0,0.0
0.18218923933209646,0.0,0.13714285714285715,0.7435897435897436,1.0,1.0,1.0,0.0,0.0,0.0,1.0,1.0
0.03111935683364254,0.10319917440660475,0.17285714285714285,0.7435897435897436,1.0,1.0,1.0,0.0,0.0,0.0,0.0,1.0
0.05511440940012368,0.0,0.11571428571428571,0.7435897435897436,1.0,0.0,0.0,1.0,1.0,0.0,0.0,0.0
0.07155225726654298,0.0,0.19,0.7435897435897436,1.0,1.0,1.0,2.0,0.0,0.0,1.0,1.0
0.03426097711811998,0.00038687692514459887,0.12428571428571429,0.7435897435897436,1.0,1.0,1.0,0.0,0.0,0.0,0.0,1.0
0.031750154607297465,0.0,0.08571428571428572,0.358974358974359,1.0,1.0,0.0,0.0,1.0,0.0,2.0,1.0
0.10481137909709337,0.0,0.2142857142857143,0.7435897435897436,1.0,0.0,0.0,1.0,0.0,1.0,1.0,1.0
0.07854050711193568,0.0,0.15,0.7435897435897436,0.0,1.0,0.0,0.0,0.0,0.0,0.0,0.0
0.15740259740259738,0.0,0.5785714285714286,0.7435897435897436,1.0,1.0,0.0,0.0,0.0,,1.0,1.0
0.028138528138528136,0.056159550723594215,0.2042857142857143,0.7435897435897436,1.0,1.0,1.0,0.0,0.0,0.0,1.0,1.0
0.04452690166975881,0.0,0.14285714285714285,0.7435897435897436,1.0,1.0,0.0,0.0,0.0,0.0,2.0,1.0
0.12241187384044526,0.0,0.0,0.4871794871794872,1.0,0.0,,,0.0,0.0,1.0,1.0
0.02196660482374768,0.04442364461084312,0.07142857142857142,0.7435897435897436,1.0,1.0,0.0,0.0,0.0,0.0,1.0,1.0
0.025516388373531228,0.026999784001727988,0.0,0.7435897435897436,1.0,1.0,1.0,0.0,0.0,0.0,2.0,1.0
0.12697588126159554,0.0,0.2671428571428571,0.7435897435897436,0.0,1.0,0.0,0.0,0.0,1.0,2.0,0.0
0.08648113790970932,0.0,0.19714285714285715,0.7435897435897436,1.0,0.0,1.0,0.0,1.0,1.0,0.0,1.0
0.04341372912801484,0.12153502771977824,0.2671428571428571,0.7435897435897436,1.0,1.0,0.0,0.0,0.0,0.0,1.0,1.0
0.09586889301175014,0.043991648066815464,0.2571428571428572,0.7435897435897436,1.0,1.0,1.0,0.0,0.0,0.0,0.0,1.0
0.05636363636363636,0.04783161734706123,0.21142857142857144,0.7435897435897436,1.0,1.0,0.0,3.0,1.0,0.0,1.0,1.0
0.4646753246753247,0.0,0.21714285714285714,0.7435897435897436,1.0,1.0,0.0,1.0,0.0,0.0,1.0,1.0
0.08884353741496598,0.19999040007679939,0.25,0.6153846153846154,,1.0,1.0,0.0,0.0,0.0,0.0,1.0
0.041014223871366724,0.029039767681858546,0.18571428571428572,0.7435897435897436,1.0,1.0,1.0,1.0,0.0,1.0,0.0,1.0
0.055683364254792825,0.0,0.15714285714285714,0.7435897435897436,1.0,1.0,1.0,2.0,1.0,0.0,0.0,1.0
0.04191713048855906,0.03302373581011352,0.07857142857142857,0.7435897435897436,1.0,1.0,1.0,0.0,0.0,,0.0,0.0
0.03945578231292517,0.04103967168262654,0.2142857142857143,0.7435897435897436,0.0,1.0,1.0,2.0,0.0,0.0,0.0,0.0
0.032393320964749533,0.0370077039383685,0.2714285714285714,0.7435897435897436,,1.0,0.0,1.0,1.0,1.0,1.0,0.0
0.02670377241805813,0.030119759041927666,0.17857142857142858,0.7435897435897436,0.0,1.0,1.0,2.0,1.0,0.0,0.0,0.0
0.022362399505256644,0.0349437204502364,0.08571428571428572,0.6153846153846154,,1.0,1.0,2.0,1.0,0.0,2.0,1.0
0.04697588126159555,0.041591667266661865,0.21285714285714286,0.7435897435897436,0.0,1.0,1.0,0.0,0.0,0.0,0.0,0.0
0.02885590599876314,0.059183526531787746,0.1285714285714286,0.358974358974359,0.0,1.0,1.0,0.0,0.0,0.0,0.0,1.0
0.08577612863327148,0.0,0.12000000000000001,0.7435897435897436,1.0,1.0,0.0,0.0,0.0,1.0,1.0,1.0
0.04587507730364873,0.0,0.13714285714285715,0.7435897435897436,1.0,1.0,1.0,2.0,0.0,0.0,1.0,1.0
0.05134199134199134,0.0,0.16857142857142857,0.7435897435897436,1.0,1.0,1.0,0.0,0.0,0.0,2.0,1.0
0.044007421150278295,0.06165550675594596,0.24714285714285714,0.7435897435897436,1.0,1.0,1.0,0.0,0.0,0.0,2.0,0.0
0.051997526283240565,0.0,0.19428571428571428,0.7435897435897436,1.0,1.0,0.0,2.0,0.0,0.0,0.0,1.0
0.10122448979591836,0.0,0.22857142857142856,0.7435897435897436,1.0,1.0,1.0,0.0,0.0,0.0,1.0,0.0
0.02390847247990105,0.09799121607027145,0.22857142857142856,0.7435897435897436,,,1.0,0.0,0.0,1.0,1.0,1.0
0.09387755102040815,0.0,0.18285714285714286,0.358974358974359,1.0,1.0,1.0,3.0,0.0,0.0,2.0,1.0
0.03543599257884972,0.052511579907360745,0.21857142857142858,0.7435897435897436,1.0,1.0,1.0,0.0,0.0,0.0,0.0,1.0
0.062350030921459486,0.0,0.18857142857142858,0.7435897435897436,1.0,0.0,0.0,1.0,1.0,,1.0,1.0
0.04967223252937539,0.0,0.14,0.7435897435897436,0.0,1.0,0.0,0.0,0.0,0.0,1.0,0.0
0.07235621521335805,0.0,0.2,0.7435897435897436,1.0,1.0,0.0,0.0,0.0,0.0,0.0,1.0
0.034594928880643167,0.039935680514555885,0.1,0.358974358974359,0.0,1.0,1.0,3.0,1.0,0.0,2.0,0.0
0.20460111317254173,0.0,0.15714285714285714,0.7435897435897436,1.0,,1.0,0.0,0.0,0.0,1.0,1.0
0.0007421150278293137,0.07000743994048048,0.14,0.7435897435897436,1.0,0.0,1.0,2.0,1.0,,1.0,1.0
0.05173778602350031,0.058823529411764705,0.15714285714285714,0.7435897435897436,1.0,1.0,1.0,0.0,0.0,0.0,2.0,0.0
0.04081632653061224,0.04989560083519332,0.23142857142857143,0.7435897435897436,1.0,1.0,1.0,1.0,0.0,1.0,1.0,1.0
0.030958565244279524,0.03599971200230398,0.16142857142857142,0.358974358974359,0.0,1.0,1.0,1.0,1.0,0.0,0.0,0.0
0.056165739022881876,0.0,0.14285714285714285,0.7435897435897436,1.0,1.0,1.0,3.0,0.0,0.0,1.0,1.0
0.029066171923314777,0.0,0.13285714285714287,0.7435897435897436,,0.0,0.0,0.0,0.0,1.0,2.0,1.0
0.06656771799628941,0.11155110759113927,0.23142857142857143,0.7435897435897436,1.0,1.0,0.0,2.0,0.0,0.0,0.0,1.0
0.2025355596784168,0.02433580531355749,0.2142857142857143,0.7435897435897436,1.0,1.0,1.0,2.0,0.0,1.0,0.0,1.0
0.08101422387136671,0.04199966400268798,0.32857142857142857,0.6153846153846154,1.0,1.0,1.0,2.0,0.0,0.0,1.0,1.0
0.03367965367965368,0.04492764057887537,0.18857142857142858,0.7435897435897436,0.0,,1.0,2.0,0.0,0.0,1.0,0.0
0.20429189857761285,0.053999568003455976,0.12285714285714286,0.7435897435897436,1.0,1.0,1.0,1.0,0.0,1.0,1.0,1.0
0.034594928880643167,0.03847169222646219,0.0,0.7435897435897436,1.0,1.0,1.0,2.0,0.0,0.0,2.0,0.0
0.051948051948051945,0.0,0.22,0.7435897435897436,1.0,0.0,0.0,0.0,1.0,0.0,0.0,1.0
0.03642547928262214,0.0,0.16142857142857142,0.7435897435897436,1.0,1.0,1.0,3.0,1.0,0.0,0.0,1.0
0.02390847247990105,0.07559939520483837,0.18285714285714286,0.7435897435897436,1.0,1.0,1.0,0.0,0.0,0.0,1.0,1.0
0.13213358070500927,0.0,0.3342857142857143,0.7435897435897436,1.0,1.0,1.0,0.0,0.0,0.0,1.0,1.0
0.1012121212121212,0.0,0.3514285714285714,0.7435897435897436,1.0,1.0,1.0,2.0,0.0,0.0,1.0,1.0
0.022362399505256644,0.05846353229174167,0.18714285714285714,0.7435897435897436,1.0,1.0,1.0,1.0,1.0,0.0,0.0,1.0
0.0420160791589363,0.0,0.11428571428571428,0.7435897435897436,0.0,1.0,0.0,2.0,0.0,0.0,0.0,0.0
0.22489795918367345,0.0,0.7142857142857143,0.7435897435897436,1.0,1.0,1.0,1.0,0.0,0.0,2.0,0.0
0.05482993197278911,0.049991600067199465,0.22857142857142856,0.7435897435897436,1.0,1.0,1.0,2.0,0.0,1.0,1.0,1.0
0.028262213976499688,0.0,0.10714285714285715,0.7435897435897436,1.0,1.0,0.0,0.0,0.0,0.0,2.0,0.0
0.03152752009894867,0.06683946528427773,0.13714285714285715,0.7435897435897436,,1.0,0.0,0.0,1.0,0.0,1.0,1.0
0.06410636982065553,0.027143782849737202,0.26571428571428574,0.7435897435897436,,1.0,1.0,1.0,1.0,0.0,2.0,1.0
0.04379715522572665,0.0,0.15714285714285714,0.7435897435897436,1.0,1.0,0.0,0.0,1.0,0.0,0.0,1.0
0.21166357452071735,0.0,0.32142857142857145,0.7435897435897436,1.0,0.0,0.0,0.0,1.0,1.0,1.0,1.0
0.042634508348794065,0.051767585859313126,0.17,0.7435897435897436,0.0,1.0,1.0,0.0,0.0,0.0,0.0,0.0
0.039282622139764994,0.021911824705402358,0.15,0.15384615384615388,1.0,0.0,1.0,1.0,0.0,0.0,1.0,1.0
0.0303030303030303,0.04079967360261118,0.15285714285714286,0.7435897435897436,1.0,1.0,1.0,0.0,1.0,0.0,0.0,1.0
0.055349412492269635,0.06856745146038833,0.15857142857142859,0.0,,1.0,1.0,0.0,0.0,0.0,2.0,1.0
0.03395176252319109,0.0,0.1357142857142857,0.7435897435897436,1.0,1.0,1.0,1.0,0.0,1.0,1.0,1.0
0.07585652442795299,0.10598315213478293,0.2985714285714286,0.7435897435897436,0.0,1.0,0.0,0.0,0.0,0.0,0.0,0.0
0.006122448979591837,0.08839129286965705,0.16142857142857142,1.0000000000000002,1.0,0.0,0.0,0.0,0.0,0.0,0.0,1.0
0.037217068645640075,0.0,0.14285714285714285,0.7435897435897436,1.0,0.0,0.0,0.0,0.0,0.0,1.0,1.0
0.05831787260358689,0.1349749202006384,0.29714285714285715,0.7435897435897436,1.0,1.0,1.0,2.0,0.0,0.0,1.0,1.0
0.04823747680890538,0.1272469820241438,0.19714285714285715,0.7435897435897436,,1.0,1.0,1.0,1.0,0.0,0.0,0.0
0.04531849103277675,0.03559171526627787,0.17714285714285716,0.6153846153846154,1.0,1.0,1.0,0.0,1.0,0.0,1.0,1.0
0.04155844155844156,0.10598315213478293,0.34714285714285714,0.7435897435897436,1.0,1.0,1.0,2.0,0.0,0.0,0.0,1.0
0.25581941867656155,0.16000671994624044,0.6857142857142857,0.7435897435897436,,1.0,1.0,0.0,0.0,0.0,2.0,1.0
0.042461348175633885,0.0,0.13714285714285715,0.7435897435897436,1.0,,0.0,0.0,0.0,0.0,2.0,0.0
0.02880643166357452,0.07231142150862793,0.26857142857142857,0.7435897435897436,1.0,1.0,1.0,0.0,0.0,1.0,2.0,1.0
0.1621768707482993,0.0,0.05714285714285714,0.7435897435897436,1.0,0.0,0.0,1.0,0.0,0.0,2.0,1.0
0.04264687693259122,0.03088775289797682,0.14285714285714285,0.7435897435897436,1.0,1.0,0.0,0.0,1.0,0.0,0.0,0.0
0.07316017316017315,0.04809561523507812,0.35714285714285715,0.7435897435897436,1.0,1.0,1.0,1.0,0.0,0.0,1.0,1.0
0.03875077303648732,0.04883960928312574,0.21142857142857144,0.7435897435897436,1.0,1.0,1.0,2.0,0.0,0.0,2.0,1.0
0.024489795918367342,0.1599827201382389,0.1,0.358974358974359,1.0,1.0,1.0,0.0,0.0,0.0,1.0,0.0
0.07006802721088434,0.08798329613363093,0.4442857142857143,0.7435897435897436,1.0,1.0,0.0,0.0,0.0,0.0,0.0,0.0
0.041014223871366724,0.08227134182926536,0.2142857142857143,0.7435897435897436,1.0,1.0,1.0,3.0,0.0,0.0,0.0,1.0
0.023265306122448978,0.039167686658506735,0.16142857142857142,1.0000000000000002,1.0,0.0,1.0,2.0,0.0,0.0,1.0,1.0
0.03616573902288188,0.04319965440276478,0.1757142857142857,0.7435897435897436,0.0,1.0,1.0,,1.0,0.0,1.0,0.0
0.056066790352504635,0.04595963232294142,0.2642857142857143,0.7435897435897436,1.0,1.0,0.0,0.0,0.0,0.0,1.0,0.0
0.04019789734075448,0.0,0.1357142857142857,0.7435897435897436,1.0,0.0,0.0,0.0,1.0,0.0,0.0,0.0
0.02525664811379097,0.041807665538675695,0.0642857142857143,0.7435897435897436,1.0,1.0,1.0,2.0,1.0,0.0,1.0,1.0
0.029066171923314777,0.0,0.07857142857142857,0.7435897435897436,1.0,1.0,0.0,0.0,0.0,0.0,1.0,1.0
0.06836116264687692,0.034175726594187245,0.14285714285714285,0.7435897435897436,1.0,1.0,1.0,3.0,0.0,1.0,0.0,1.0
0.09645021645021644,0.1719826241390069,0.6857142857142857,0.7435897435897436,1.0,1.0,1.0,2.0,0.0,1.0,0.0,1.0
0.05602968460111317,0.05008759929920561,0.0,0.7435897435897436,1.0,1.0,0.0,0.0,0.0,0.0,1.0,0.0
0.21459492888064313,0.0,0.5714285714285714,0.7435897435897436,1.0,1.0,1.0,2.0,0.0,1.0,0.0,1.0
0.04483611626468769,0.0,0.15714285714285714,0.7435897435897436,1.0,1.0,1.0,0.0,0.0,0.0,1.0,1.0
0.06351267779839208,0.03431972544219646,0.23,0.7435897435897436,0.0,1.0,1.0,1.0,1.0,0.0,1.0,1.0
0.03128014842300557,0.031247750017999856,0.13428571428571429,0.7435897435897436,1.0,1.0,0.0,1.0,1.0,0.0,1.0,1.0
0.0820408163265306,0.0,0.18571428571428572,0.7435897435897436,1.0,1.0,0.0,0.0,1.0,0.0,1.0,1.0
0.010822510822510822,0.13199894400844794,0.30857142857142855,0.7435897435897436,,1.0,1.0,0.0,0.0,0.0,0.0,1.0
0.05109461966604824,0.0,0.14285714285714285,0.7435897435897436,1.0,1.0,1.0,3.0,0.0,0.0,2.0,1.0
0.04252319109461967,0.0,0.15714285714285714,0.7435897435897436,0.0,1.0,0.0,2.0,0.0,0.0,0.0,0.0
0.13729128014842298,0.0,0.28,0.7435897435897436,,1.0,0.0,1.0,0.0,0.0,1.0,0.0
0.22282003710575138,0.0,0.17857142857142858,0.7435897435897436,1.0,0.0,0.0,0.0,1.0,1.0,2.0,1.0
0.029684601113172535,0.049007607939136485,0.18,0.7435897435897436,1.0,1.0,0.0,0.0,1.0,,0.0,1.0
0.0740012368583797,0.09374325005399957,0.46285714285714286,0.7435897435897436,1.0,1.0,1.0,0.0,0.0,0.0,2.0,1.0
0.04288188002473717,0.0,0.15285714285714286,0.7435897435897436,1.0,1.0,0.0,2.0,0.0,0.0,1.0,1.0
0.03422387136672851,0.01286389708882329,0.09428571428571429,0.7435897435897436,1.0,1.0,1.0,0.0,1.0,0.0,0.0,0.0
0.07751391465677179,0.0,0.22428571428571428,0.358974358974359,1.0,1.0,1.0,3.0,0.0,0.0,0.0,1.0
0.05513914656771799,0.06827945376436989,0.2,0.358974358974359,1.0,0.0,1.0,1.0,0.0,0.0,1.0,1.0
0.024588744588744587,0.0,0.14142857142857143,0.7435897435897436,0.0,0.0,0.0,0.0,0.0,0.0,1.0,0.0
0.0433147804576376,0.0,0.1357142857142857,0.7435897435897436,1.0,0.0,0.0,1.0,0.0,,1.0,1.0
0.025837971552257262,0.060575515395876835,0.18285714285714286,0.7435897435897436,1.0,1.0,1.0,1.0,1.0,0.0,2.0,1.0
0.035460729746444035,0.01591187270501836,0.1457142857142857,0.7435897435897436,,0.0,1.0,0.0,1.0,0.0,1.0,1.0
0.03238095238095238,0.04679962560299518,0.22142857142857145,0.7435897435897436,1.0,1.0,1.0,0.0,0.0,0.0,0.0,1.0
0.03967841682127397,0.0,0.11428571428571428,0.05128205128205128,1.0,1.0,0.0,0.0,1.0,0.0,1.0,0.0
0.02938775510204081,0.04279165766673867,0.20714285714285716,0.7435897435897436,1.0,1.0,0.0,0.0,0.0,0.0,0.0,1.0
0.05998763141620284,0.0,0.14714285714285716,0.7435897435897436,0.0,0.0,0.0,0.0,0.0,0.0,1.0,0.0
0.032591218305504016,0.048383612931096553,0.15714285714285714,0.7435897435897436,1.0,1.0,1.0,0.0,0.0,0.0,0.0,1.0
0.08018552875695732,0.0,0.0,0.7435897435897436,0.0,1.0,1.0,2.0,0.0,1.0,0.0,0.0
0.028967223252937536,0.05699954400364797,0.0,0.7435897435897436,1.0,1.0,1.0,1.0,1.0,0.0,0.0,1.0
0.03936920222634508,0.07799937600499196,0.22571428571428573,0.7435897435897436,1.0,1.0,1.0,1.0,0.0,0.0,2.0,1.0
0.028497217068645636,0.05599155206758346,0.25857142857142856,0.7435897435897436,0.0,1.0,1.0,0.0,1.0,0.0,2.0,0.0
0.042585034013605444,0.10238318093455252,0.18857142857142858,0.358974358974359,0.0,1.0,1.0,0.0,0.0,0.0,0.0,0.0
0.06577612863327148,0.02476780185758514,0.037142857142857144,0.7435897435897436,1.0,1.0,1.0,1.0,0.0,0.0,1.0,1.0
0.031131725417439696,0.03899968800249598,0.12000000000000001,0.7435897435897436,,0.0,0.0,0.0,0.0,0.0,2.0,1.0
0.12354978354978355,0.0,0.37142857142857144,0.7435897435897436,1.0,1.0,1.0,3.0,0.0,1.0,1.0,1.0
0.046221397649969076,0.06405548755609955,0.23142857142857143,0.7435897435897436,1.0,1.0,1.0,0.0,0.0,0.0,1.0,1.0
0.04984539270253556,0.05534355725154199,0.26,0.7435897435897436,1.0,0.0,1.0,0.0,0.0,0.0,1.0,1.0
0.04359925788497217,0.0058079535363717094,0.15428571428571428,0.7435897435897436,1.0,1.0,1.0,2.0,1.0,0.0,1.0,1.0
0.23913419913419912,0.0,0.8571428571428572,0.7435897435897436,1.0,0.0,1.0,1.0,0.0,1.0,1.0,1.0
0.07140383426097711,0.04929560563515492,0.30142857142857143,0.7435897435897436,1.0,1.0,1.0,0.0,0.0,0.0,0.0,1.0
0.06988249845392701,0.0,0.18857142857142858,0.7435897435897436,1.0,1.0,0.0,0.0,1.0,1.0,1.0,1.0
0.10697588126159553,0.0,0.3685714285714286,0.7435897435897436,0.0,1.0,1.0,2.0,0.0,0.0,2.0,0.0
0.053395176252319106,0.0,0.17142857142857143,0.7435897435897436,,1.0,1.0,0.0,1.0,0.0,0.0,1.0
0.03936920222634508,0.0,0.1,0.7435897435897436,1.0,1.0,0.0,0.0,0.0,0.0,2.0,1.0
0.04019789734075448,0.05999952000383997,0.1757142857142857,0.7435897435897436,0.0,1.0,1.0,3.0,0.0,0.0,0.0,0.0
0.02755720470006184,0.0,0.012857142857142857,0.7435897435897436,1.0,0.0,0.0,0.0,0.0,0.0,2.0,0.0
0.03730364873222016,0.04953560371517028,0.14857142857142858,0.7435897435897436,0.0,1.0,1.0,0.0,0.0,0.0,2.0,0.0
0.04040816326530612,0.04199966400268798,0.26571428571428574,0.7435897435897436,1.0,1.0,1.0,1.0,0.0,0.0,2.0,1.0
0.06142238713667284,0.03482372141022872,0.2357142857142857,0.7435897435897436,0.0,1.0,1.0,,0.0,0.0,2.0,0.0
0.20427952999381568,0.0,0.39285714285714285,0.7435897435897436,1.0,1.0,1.0,2.0,0.0,0.0,2.0,1.0
0.07390228818800246,0.03899968800249598,0.2671428571428571,1.0000000000000002,1.0,1.0,1.0,2.0,1.0,0.0,1.0,0.0
0.07737786023500308,0.0,0.2142857142857143,0.7435897435897436,1.0,1.0,1.0,3.0,0.0,0.0,1.0,0.0
0.037217068645640075,0.01106391148870809,0.15428571428571428,0.15384615384615388,1.0,1.0,1.0,2.0,0.0,0.0,2.0,1.0
0.036326530612244896,0.053039575683394534,0.19428571428571428,0.7435897435897436,0.0,,1.0,0.0,0.0,0.0,1.0,0.0
0.03808286951144094,0.06573547411620707,0.15714285714285714,0.7435897435897436,1.0,1.0,0.0,0.0,0.0,0.0,2.0,1.0
0.020185528756957324,0.05356757145942832,0.15285714285714286,0.7435897435897436,1.0,1.0,1.0,1.0,0.0,0.0,0.0,1.0
0.037501546072974644,0.07000743994048048,0.23,0.7435897435897436,1.0,1.0,0.0,0.0,0.0,,2.0,1.0
0.07903525046382189,0.0,0.29285714285714287,0.7435897435897436,1.0,1.0,1.0,2.0,0.0,0.0,1.0,1.0
0.020853432282003707,0.8120815033479732,0.1285714285714286,0.7435897435897436,1.0,1.0,0.0,0.0,0.0,0.0,2.0,0.0
0.03730364873222016,0.0,0.05142857142857143,0.7435897435897436,1.0,0.0,1.0,0.0,0.0,0.0,1.0,1.0
0.021397649969078537,0.0,0.08714285714285715,0.7435897435897436,,1.0,1.0,1.0,0.0,0.0,0.0,0.0
0.032615955473098326,0.04600763193894449,0.20857142857142857,0.7435897435897436,0.0,1.0,1.0,1.0,0.0,0.0,0.0,0.0
0.05111935683364255,0.07199942400460796,0.24571428571428572,0.15384615384615388,1.0,1.0,1.0,1.0,0.0,0.0,0.0,0.0
0.026555349412492265,0.036527707778337776,0.14857142857142858,0.7435897435897436,1.0,1.0,1.0,0.0,0.0,0.0,2.0,1.0
0.024922696351267776,0.0,0.1,0.7435897435897436,1.0,0.0,0.0,0.0,1.0,0.0,1.0,1.0
0.05689548546691404,0.0,0.13428571428571429,0.7435897435897436,1.0,,0.0,0.0,0.0,0.0,1.0,1.0
0.03186147186147186,0.0,0.15142857142857144,0.7435897435897436,0.0,1.0,1.0,2.0,0.0,1.0,1.0,0.0
0.03525046382189239,0.08198334413324694,0.08,0.358974358974359,1.0,1.0,1.0,0.0,0.0,0.0,1.0,1.0
0.07235621521335805,0.0,0.29285714285714287,0.4871794871794872,1.0,1.0,1.0,2.0,0.0,1.0,1.0,0.0
0.11387755102040815,0.0,0.41714285714285715,0.7435897435897436,1.0,,0.0,3.0,0.0,1.0,1.0,1.0
0.04587507730364873,0.07919936640506876,0.20285714285714287,0.358974358974359,1.0,1.0,1.0,0.0,0.0,0.0,0.0,1.0
0.19752628324056892,0.0,0.37142857142857144,0.7435897435897436,1.0,1.0,1.0,0.0,0.0,1.0,2.0,1.0
0.0455534941249227,0.0,0.15714285714285714,0.7435897435897436,1.0,1.0,0.0,0.0,1.0,0.0,0.0,1.0
0.07709338280766852,0.023999808001535988,0.2671428571428571,0.7435897435897436,1.0,1.0,1.0,2.0,1.0,1.0,0.0,0.0
0.03508967223252937,0.0,0.12571428571428572,0.7435897435897436,0.0,1.0,0.0,,0.0,0.0,1.0,0.0
0.12137291280148421,0.0,0.2571428571428572,0.7435897435897436,1.0,1.0,1.0,0.0,0.0,1.0,0.0,1.0
0.0696351267779839,0.0,0.2742857142857143,0.7435897435897436,1.0,1.0,1.0,2.0,0.0,0.0,2.0,1.0
0.0032900432900432896,1.0,0.5,0.358974358974359,,0.0,0.0,3.0,0.0,,2.0,0.0
0.033939393939393936,0.06700746394028848,0.22142857142857145,0.7435897435897436,1.0,1.0,1.0,0.0,1.0,,0.0,1.0
0.06868274582560296,0.0,0.18285714285714286,0.7435897435897436,1.0,1.0,1.0,3.0,0.0,0.0,2.0,1.0
0.04361162646876932,0.10322317421460629,0.24571428571428572,0.7435897435897436,1.0,1.0,0.0,0.0,0.0,0.0,0.0,1.0
0.1465677179962894,0.0,0.7085714285714286,0.7435897435897436,1.0,0.0,1.0,1.0,0.0,0.0,1.0,1.0
0.027829313543599254,0.09119927040583675,0.0,0.358974358974359,1.0,1.0,1.0,0.0,1.0,0.0,2.0,0.0
0.04019789734075448,0.05999952000383997,0.24714285714285714,0.7435897435897436,1.0,1.0,1.0,1.0,0.0,0.0,1.0,1.0
0.0474582560296846,0.03386372909016728,0.22428571428571428,0.7435897435897436,1.0,1.0,1.0,2.0,1.0,0.0,0.0,1.0
0.0381199752628324,0.04679962560299518,0.15428571428571428,0.7435897435897436,1.0,1.0,1.0,0.0,0.0,0.0,0.0,1.0
0.03401360544217687,0.0,0.10142857142857144,0.7435897435897436,1.0,0.0,0.0,0.0,0.0,0.0,0.0,1.0
0.04893011750154607,0.0,0.05714285714285714,0.358974358974359,1.0,1.0,1.0,3.0,0.0,0.0,0.0,1.0
0.09798392084106368,0.005759953920368637,0.36142857142857143,0.7435897435897436,1.0,1.0,1.0,1.0,0.0,0.0,2.0,1.0
0.09193568336425478,0.0,0.2671428571428571,0.7435897435897436,1.0,1.0,1.0,2.0,0.0,0.0,2.0,1.0
0.05482993197278911,0.0,0.19,0.7435897435897436,0.0,0.0,0.0,0.0,0.0,1.0,1.0,0.0
